{
  "Lambda_base": 0.0840786668105898,
  "coeffs": [
    1.0,
    -1.0,
    0.0,
    0.0
  ],
  "rmse_velocity": 18.04521275265762,
  "residuals": [
    18.87459608979998,
    15.353758528843173,
    10.719026198648862,
    10.318622459419657
  ],
  "predicted_velocities": [
    2543.624676881818,
    2571.753840333661,
    2600.119109059467,
    2628.7187062482385
  ],
  "convergence": {
    "success": true,
    "message": "CONVERGENCE: RELATIVE REDUCTION OF F <= FACTR*EPSMCH",
    "nfev": 100,
    "nit": 5,
    "fun_value": 2.7095487226759247
  },
  "temp_sensitivity_sigma_per_K": 0.005,
  "bore_friction_psi": 0.018545129818391685,
  "h_base": 2000.0,
  "start_pressure_psi": 3626.0
}